{"count":1,"self":1057.826816,"total":1584.6688170999998,"children":{"InitializeActuators":{"count":1242,"self":0.0349636,"total":0.0349636,"children":null},"InitializeSensors":{"count":1242,"self":0.0210207,"total":0.0210207,"children":null},"AgentSendState":{"count":2000617,"self":21.247014399999998,"total":38.5423109,"children":{"CollectObservations":{"count":200062,"self":7.9682856,"total":7.9682857999999994,"children":null},"CollectDiscreteActionMasks":{"count":200062,"self":0.97793639999999993,"total":0.97793639999999993,"children":null},"RequestDecision":{"count":200062,"self":3.2936832,"total":8.3490748,"children":{"AgentInfo.ToProto":{"count":200062,"self":2.4534674,"total":5.0553916,"children":{"GenerateSensorData":{"count":200062,"self":2.6019242,"total":2.6019242,"children":null}}}}}}},"DecideAction":{"count":2000617,"self":464.8570368,"total":464.8570296,"children":null},"AgentAct":{"count":2000617,"self":23.3626784,"total":23.3626786,"children":null},"AgentInfo.ToProto":{"count":1241,"self":0.018979199999999998,"total":0.023988799999999998,"children":{"GenerateSensorData":{"count":1241,"self":0.0050095999999999995,"total":0.0050095999999999995,"children":null}}}},"gauges":{},"metadata":{"timer_format_version":"0.1.0","start_time_seconds":"1605105657","unity_version":"2019.4.11f1","command_line_arguments":"C:\\Program Files\\Unity\\Hub\\Editor\\2019.4.11f1\\Editor\\Unity.exe -projectpath D:\/Studia\/_RL\/rl-racing-game -useHub -hubIPC -cloudEnvironment production -hubSessionId 4efcf650-241b-11eb-a875-239d9b2f8ccc -accessToken UIjj-Chnz9mfVtdUH6bxw-9ukUN6XJLzMwXGgaJRO1g007f","communication_protocol_version":"1.2.0","com.unity.ml-agents_version":"1.5.0-preview","scene_name":"MainScene","end_time_seconds":"1605107241"}}