{"count":1,"self":178.0566912,"total":271.2122943,"children":{"InitializeActuators":{"count":1302,"self":0.017956,"total":0.017956,"children":null},"InitializeSensors":{"count":1302,"self":0.023960799999999997,"total":0.023960799999999997,"children":null},"AgentSendState":{"count":322851,"self":3.8454303999999997,"total":7.7776736,"children":{"CollectObservations":{"count":50060,"self":1.8356268,"total":1.8356268999999998,"children":null},"CollectDiscreteActionMasks":{"count":50060,"self":0.1954549,"total":0.1954549,"children":null},"RequestDecision":{"count":50060,"self":0.77987929999999994,"total":1.9011612,"children":{"AgentInfo.ToProto":{"count":50060,"self":0.5751313,"total":1.1212819,"children":{"GenerateSensorData":{"count":50060,"self":0.54615059999999993,"total":0.54615059999999993,"children":null}}}}}}},"DecideAction":{"count":322851,"self":80.6892416,"total":80.6892393,"children":null},"AgentAct":{"count":322851,"self":4.6088036,"total":4.6088036,"children":null},"AgentInfo.ToProto":{"count":1301,"self":0.0279756,"total":0.036952,"children":{"GenerateSensorData":{"count":1301,"self":0.008976399999999999,"total":0.008976399999999999,"children":null}}}},"gauges":{},"metadata":{"timer_format_version":"0.1.0","start_time_seconds":"1605104950","unity_version":"2019.4.11f1","command_line_arguments":"C:\\Program Files\\Unity\\Hub\\Editor\\2019.4.11f1\\Editor\\Unity.exe -projectpath D:\/Studia\/_RL\/rl-racing-game -useHub -hubIPC -cloudEnvironment production -hubSessionId 4efcf650-241b-11eb-a875-239d9b2f8ccc -accessToken UIjj-Chnz9mfVtdUH6bxw-9ukUN6XJLzMwXGgaJRO1g007f","communication_protocol_version":"1.2.0","com.unity.ml-agents_version":"1.5.0-preview","scene_name":"MainScene","end_time_seconds":"1605105221"}}